Team,Park_Factor,Games_Used,League_Runs,League_PA,League_R_per_PA,wOBA_Scale,Weight_Source,Validated_Games,Validated_PA,Source
Barrie Baycats,79.4,193,2687,14255,0.188495264819362,0.981233437802103,DataDiamond transitions validated against official CBL scores,78,6243,https://cbl.ca/api/stats-api/feed/game-packages?seasonYear=2026&limit=500
Brantford Red Sox,74.4,193,2687,14255,0.188495264819362,0.981233437802103,DataDiamond transitions validated against official CBL scores,78,6243,https://cbl.ca/api/stats-api/feed/game-packages?seasonYear=2026&limit=500
Chatham-Kent Barnstormers,103.5,193,2687,14255,0.188495264819362,0.981233437802103,DataDiamond transitions validated against official CBL scores,78,6243,https://cbl.ca/api/stats-api/feed/game-packages?seasonYear=2026&limit=500
Guelph Royals,77.9,193,2687,14255,0.188495264819362,0.981233437802103,DataDiamond transitions validated against official CBL scores,78,6243,https://cbl.ca/api/stats-api/feed/game-packages?seasonYear=2026&limit=500
Hamilton Cardinals,85.2,193,2687,14255,0.188495264819362,0.981233437802103,DataDiamond transitions validated against official CBL scores,78,6243,https://cbl.ca/api/stats-api/feed/game-packages?seasonYear=2026&limit=500
Kitchener Panthers,156.4,193,2687,14255,0.188495264819362,0.981233437802103,DataDiamond transitions validated against official CBL scores,78,6243,https://cbl.ca/api/stats-api/feed/game-packages?seasonYear=2026&limit=500
London Majors,106.9,193,2687,14255,0.188495264819362,0.981233437802103,DataDiamond transitions validated against official CBL scores,78,6243,https://cbl.ca/api/stats-api/feed/game-packages?seasonYear=2026&limit=500
Toronto Maple Leafs,114.4,193,2687,14255,0.188495264819362,0.981233437802103,DataDiamond transitions validated against official CBL scores,78,6243,https://cbl.ca/api/stats-api/feed/game-packages?seasonYear=2026&limit=500
Welland Jackfish,117.9,193,2687,14255,0.188495264819362,0.981233437802103,DataDiamond transitions validated against official CBL scores,78,6243,https://cbl.ca/api/stats-api/feed/game-packages?seasonYear=2026&limit=500
